<!--
Licensed to the Apache Software Foundation (ASF) under one or more
contributor license agreements.  See the NOTICE file distributed with
this work for additional information regarding copyright ownership.
The ASF licenses this file to You under the Apache License, Version 2.0
(the "License"); you may not use this file except in compliance with
the License.  You may obtain a copy of the License at

  http://www.apache.org/licenses/LICENSE-2.0

Unless required by applicable law or agreed to in writing, software
distributed under the License is distributed on an "AS IS" BASIS,
WITHOUT WARRANTIES OR CONDITIONS OF ANY KIND, either express or implied.
See the License for the specific language governing permissions and
limitations under the License.
-->
<configuration>
    <appender name="stdout" class="ch.qos.logback.core.ConsoleAppender">
        <encoder>
            <pattern>[%p] %C{1} - %m%n</pattern>
        </encoder>
    </appender>
    <logger name="org.apache.tinkerpop.gremlin.hadoop.structure.HadoopGraph" level="INFO"/>
    <logger name="org.apache.tinkerpop.gremlin.hadoop.process.computer.mapreduce.MapReduceGraphComputer" level="INFO"/>
    <logger name="org.apache.hadoop.mapreduce.Job" level="INFO"/>
    <logger name="org.apache.tinkerpop.gremlin.neo4j.structure.Neo4jGraph" level="ERROR"/>
    <logger name="org.apache.spark.metrics.MetricsSystem" level="ERROR"/>
    <logger name="org.apache.tinkerpop.gremlin.spark.process.computer.SparkGraphComputer" level="INFO"/>
    <logger name="org.apache.hadoop.mapred.JobClient" level="INFO"/>
    <logger name="org.apache.tinkerpop.gremlin.driver.Connection" level="OFF"/>
    <logger name="org.apache.tinkerpop.gremlin.driver.ConnectionPool" level="OFF"/>
    <logger name="com.jcabi.manifests.Manifests" level="OFF"/>
    <root level="INFO">
        <appender-ref ref="stdout"/>
    </root>
</configuration>